epoch,train_loss,val_loss,seconds
1,0.8431528210639954,1.0775001049041748,0.47678327560424805
