{
  "generated_at": "2026-04-27T02:24:23.958447Z",
  "device": "cuda",
  "torch_version": "2.11.0+cu126",
  "cuda_available": true,
  "best_epoch": 10,
  "best_val_loss": 0.49080459167968193,
  "window_counts": {
    "train": 6115,
    "validation": 873,
    "test": 1749,
    "total": 8737
  },
  "model_config": {
    "num_nodes": 883,
    "num_sources": 2,
    "input_dim": 1,
    "output_dim": 1,
    "lag": 12,
    "horizon": 12,
    "num_components": 17,
    "hidden_channels": 24,
    "kernel_size": 2,
    "use_hra": true,
    "gmre_chunk_size": 2048
  },
  "target_mode": "log1p",
  "loss": {
    "loss_type": "mae",
    "feature_loss_weight": 0.0
  },
  "metrics": {
    "targets": {
      "dep": {
        "mae": 1.890518069267273,
        "rmse": 3.355508804321289,
        "mape": 0.7367839217185974
      },
      "arr": {
        "mae": 1.909253478050232,
        "rmse": 3.393925905227661,
        "mape": 0.7462080717086792
      }
    },
    "average": {
      "mae": 1.899885892868042,
      "rmse": 3.374772071838379,
      "mape": 0.7414958477020264
    }
  },
  "limits": {
    "train": null,
    "validation": null,
    "test": null
  }
}
