epoch,train_loss,val_loss,seconds
1,0.8624997586011887,0.9889613389968872,1.1082968711853027
