epoch,train_loss,val_loss,seconds
1,0.8441712260246277,1.0856853723526,0.20112395286560059
