epoch,train_loss,val_loss,seconds
1,0.9111063480377197,1.0243937969207764,0.28179287910461426
