epoch,train_loss,val_loss,seconds
1,0.9023737907409668,1.1003308296203613,0.5142946243286133
