epoch,train_loss,val_loss,seconds
1,0.9099050164222717,1.0208749771118164,1.4738121032714844
