epoch,train_loss,val_loss,seconds
1,0.9241423606872559,1.025399088859558,1.1804413795471191
