epoch,train_loss,feature_loss,val_loss,seconds
1,0.9397091865539551,621895.25,1.0754128694534302,1.1038727760314941
