epoch,train_loss,val_loss,seconds
1,2.144788980484009,2.151568651199341,0.28815531730651855
