epoch,train_loss,val_loss,seconds
1,0.8140085875988007,1.046345829963684,8.248560428619385
