epoch,train_loss,val_loss,seconds
1,2.1448299884796143,2.1472949981689453,0.2883327007293701
