epoch,train_loss,val_loss,seconds
1,1.0822374820709229,1.1467094421386719,0.21280193328857422
