epoch,train_loss,val_loss,seconds
1,0.9905452728271484,0.9063162207603455,0.4819953441619873
