epoch,train_loss,val_loss,seconds
1,0.9029847234487534,1.06686931848526,4.579270362854004
