epoch,train_loss,val_loss,seconds
1,0.9235464930534363,1.064123511314392,0.7337334156036377
