epoch,train_loss,feature_loss,val_loss,seconds
1,0.9397091865539551,621895.25,1.1064732074737549,1.1042656898498535
