{
  "generated_at": "2026-04-26T09:24:37.148740Z",
  "device": "cuda",
  "torch_version": "2.11.0+cu126",
  "cuda_available": true,
  "best_epoch": 1,
  "best_val_loss": 1.027279257774353,
  "window_counts": {
    "train": 6115,
    "validation": 873,
    "test": 1749,
    "total": 8737
  },
  "model_config": {
    "num_nodes": 883,
    "input_dim": 38,
    "output_dim": 2,
    "horizon": 12,
    "embed_dim": 10,
    "rnn_units": 64,
    "num_layers": 2,
    "support_count": 2,
    "spatial_top_k": 20,
    "spatial_sigma_km": null
  },
  "spatial_metadata": {
    "node_count": 883,
    "spatial_top_k": 20,
    "spatial_sigma_km": 0.5600869059562683,
    "mean_neighbor_distance_km": 0.6202486157417297,
    "median_neighbor_distance_km": 0.5600869059562683
  },
  "metrics": {
    "targets": {
      "dep": {
        "mae": 5.220187187194824,
        "rmse": 6.499993324279785,
        "mape": 1.7600127458572388
      },
      "arr": {
        "mae": 4.845318794250488,
        "rmse": 6.35955810546875,
        "mape": 1.546602725982666
      }
    },
    "average": {
      "mae": 5.032752513885498,
      "rmse": 6.430159568786621,
      "mape": 1.6532429456710815
    }
  },
  "limits": {
    "train": 1,
    "validation": 1,
    "test": 1
  }
}
