epoch,train_loss,val_loss,seconds
1,0.914021909236908,1.027279257774353,1.1721558570861816
