epoch,train_loss,feature_loss,val_loss,seconds
1,0.8678453505039215,17457632.749150086,1.216392159461975,2.851698875427246
