epoch,train_loss,feature_loss,val_loss,seconds
1,0.8543784022331238,12931.6201171875,1.183722734451294,0.31505417823791504
