epoch,train_loss,feature_loss,val_loss,seconds
1,0.9397091865539551,507466368.0,1.1126657724380493,1.1163489818572998
