epoch,train_loss,val_loss,seconds
1,0.9241423606872559,1.0254020690917969,1.1751682758331299
