epoch,train_loss,val_loss,seconds
1,0.8452107816934585,1.0294079780578613,12.147258043289185
